<?xml version="1.0" encoding="UTF-8"?>
<!DOCTYPE mapper PUBLIC "-//mybatis.org//DTD Mapper 3.0//EN" "http://mybatis.org/dtd/mybatis-3-mapper.dtd">
<mapper namespace="com.hqmeng.demo.db.generator.mapper.RbacPermissionMapper">
  <resultMap id="BaseResultMap" type="com.hqmeng.demo.db.generator.bean.RbacPermission">
    <id column="id" jdbcType="BIGINT" property="id" />
    <result column="name" jdbcType="VARCHAR" property="name" />
    <result column="url" jdbcType="VARCHAR" property="url" />
    <result column="method" jdbcType="VARCHAR" property="method" />
    <result column="memo" jdbcType="VARCHAR" property="memo" />
    <result column="create_date" jdbcType="TIMESTAMP" property="createDate" />
    <result column="update_date" jdbcType="TIMESTAMP" property="updateDate" />
  </resultMap>
  <sql id="Base_Column_List">
    id, `name`, url, `method`, memo, create_date, update_date
  </sql>
  <select id="selectByPrimaryKey" parameterType="java.lang.Long" resultMap="BaseResultMap">
    select 
    <include refid="Base_Column_List" />
    from rbac_permission
    where id = #{id,jdbcType=BIGINT}
  </select>
  <delete id="deleteByPrimaryKey" parameterType="java.lang.Long">
    delete from rbac_permission
    where id = #{id,jdbcType=BIGINT}
  </delete>
  <insert id="insert" parameterType="com.hqmeng.demo.db.generator.bean.RbacPermission">
    insert into rbac_permission (id, `name`, url, 
      `method`, memo, create_date, 
      update_date)
    values (#{id,jdbcType=BIGINT}, #{name,jdbcType=VARCHAR}, #{url,jdbcType=VARCHAR}, 
      #{method,jdbcType=VARCHAR}, #{memo,jdbcType=VARCHAR}, #{createDate,jdbcType=TIMESTAMP}, 
      #{updateDate,jdbcType=TIMESTAMP})
  </insert>
  <insert id="insertSelective" parameterType="com.hqmeng.demo.db.generator.bean.RbacPermission">
    insert into rbac_permission
    <trim prefix="(" suffix=")" suffixOverrides=",">
      <if test="id != null">
        id,
      </if>
      <if test="name != null">
        `name`,
      </if>
      <if test="url != null">
        url,
      </if>
      <if test="method != null">
        `method`,
      </if>
      <if test="memo != null">
        memo,
      </if>
      <if test="createDate != null">
        create_date,
      </if>
      <if test="updateDate != null">
        update_date,
      </if>
    </trim>
    <trim prefix="values (" suffix=")" suffixOverrides=",">
      <if test="id != null">
        #{id,jdbcType=BIGINT},
      </if>
      <if test="name != null">
        #{name,jdbcType=VARCHAR},
      </if>
      <if test="url != null">
        #{url,jdbcType=VARCHAR},
      </if>
      <if test="method != null">
        #{method,jdbcType=VARCHAR},
      </if>
      <if test="memo != null">
        #{memo,jdbcType=VARCHAR},
      </if>
      <if test="createDate != null">
        #{createDate,jdbcType=TIMESTAMP},
      </if>
      <if test="updateDate != null">
        #{updateDate,jdbcType=TIMESTAMP},
      </if>
    </trim>
  </insert>
  <update id="updateByPrimaryKeySelective" parameterType="com.hqmeng.demo.db.generator.bean.RbacPermission">
    update rbac_permission
    <set>
      <if test="name != null">
        `name` = #{name,jdbcType=VARCHAR},
      </if>
      <if test="url != null">
        url = #{url,jdbcType=VARCHAR},
      </if>
      <if test="method != null">
        `method` = #{method,jdbcType=VARCHAR},
      </if>
      <if test="memo != null">
        memo = #{memo,jdbcType=VARCHAR},
      </if>
      <if test="createDate != null">
        create_date = #{createDate,jdbcType=TIMESTAMP},
      </if>
      <if test="updateDate != null">
        update_date = #{updateDate,jdbcType=TIMESTAMP},
      </if>
    </set>
    where id = #{id,jdbcType=BIGINT}
  </update>
  <update id="updateByPrimaryKey" parameterType="com.hqmeng.demo.db.generator.bean.RbacPermission">
    update rbac_permission
    set `name` = #{name,jdbcType=VARCHAR},
      url = #{url,jdbcType=VARCHAR},
      `method` = #{method,jdbcType=VARCHAR},
      memo = #{memo,jdbcType=VARCHAR},
      create_date = #{createDate,jdbcType=TIMESTAMP},
      update_date = #{updateDate,jdbcType=TIMESTAMP}
    where id = #{id,jdbcType=BIGINT}
  </update>
</mapper>