<?xml version="1.0" encoding="UTF-8"?>
<!DOCTYPE mapper PUBLIC "-//mybatis.org//DTD Mapper 3.0//EN" "http://mybatis.org/dtd/mybatis-3-mapper.dtd">
<mapper namespace="com.hqmeng.demo.db.generator.mapper.RbacRolePermissionMapper">
  <resultMap id="BaseResultMap" type="com.hqmeng.demo.db.generator.bean.RbacRolePermission">
    <id column="id" jdbcType="BIGINT" property="id" />
    <result column="role_id" jdbcType="BIGINT" property="roleId" />
    <result column="permission_id" jdbcType="BIGINT" property="permissionId" />
  </resultMap>
  <sql id="Base_Column_List">
    id, role_id, permission_id
  </sql>
  <select id="selectByPrimaryKey" parameterType="java.lang.Long" resultMap="BaseResultMap">
    select 
    <include refid="Base_Column_List" />
    from rbac_role_permission
    where id = #{id,jdbcType=BIGINT}
  </select>
  <delete id="deleteByPrimaryKey" parameterType="java.lang.Long">
    delete from rbac_role_permission
    where id = #{id,jdbcType=BIGINT}
  </delete>
  <insert id="insert" parameterType="com.hqmeng.demo.db.generator.bean.RbacRolePermission">
    insert into rbac_role_permission (id, role_id, permission_id
      )
    values (#{id,jdbcType=BIGINT}, #{roleId,jdbcType=BIGINT}, #{permissionId,jdbcType=BIGINT}
      )
  </insert>
  <insert id="insertSelective" parameterType="com.hqmeng.demo.db.generator.bean.RbacRolePermission">
    insert into rbac_role_permission
    <trim prefix="(" suffix=")" suffixOverrides=",">
      <if test="id != null">
        id,
      </if>
      <if test="roleId != null">
        role_id,
      </if>
      <if test="permissionId != null">
        permission_id,
      </if>
    </trim>
    <trim prefix="values (" suffix=")" suffixOverrides=",">
      <if test="id != null">
        #{id,jdbcType=BIGINT},
      </if>
      <if test="roleId != null">
        #{roleId,jdbcType=BIGINT},
      </if>
      <if test="permissionId != null">
        #{permissionId,jdbcType=BIGINT},
      </if>
    </trim>
  </insert>
  <update id="updateByPrimaryKeySelective" parameterType="com.hqmeng.demo.db.generator.bean.RbacRolePermission">
    update rbac_role_permission
    <set>
      <if test="roleId != null">
        role_id = #{roleId,jdbcType=BIGINT},
      </if>
      <if test="permissionId != null">
        permission_id = #{permissionId,jdbcType=BIGINT},
      </if>
    </set>
    where id = #{id,jdbcType=BIGINT}
  </update>
  <update id="updateByPrimaryKey" parameterType="com.hqmeng.demo.db.generator.bean.RbacRolePermission">
    update rbac_role_permission
    set role_id = #{roleId,jdbcType=BIGINT},
      permission_id = #{permissionId,jdbcType=BIGINT}
    where id = #{id,jdbcType=BIGINT}
  </update>
</mapper>